Player,Pos
Aaron Falzon,F
Aaron Henry,F
Aaron Jordan,G
Aaron Wheeler,F
Aaron Wiggins,G
Adonis De La Rosa,C
Adrien Nunez,G
Aj Turner,F
Alan Griffin,G
Aleem Ford,F
Aljami Durham,G
Amir Coffey,G
Amir Harris,G
Andre Wesson,F
Andres Feliz,G
Andrew Terrell,G
Anthony Cowan,G
Anthony Gaines,G
Austin Ash,G
Austin Davis,F
Ayo Dosunmu,G
Barret Benson,C
Brad Davison,G
Braden Burke,F
Brady Heiman,F
Brady Rudrud,G
Brandon Johns,F
Brevin Pritzl,G
Brock Stull,G
Brock Washington,G
Bruno Fernando,F
Caleb Mcconnell,G
Carsen Edwards,G
Cassius Winston,G
Charles Matthews,G
Charles Thomas,F
Charlie Hall,F
Cj Baird,F
Cj Jackson,G
Clifton Moore,F
Colin Castleton,F
Conner George,G
Connor Mccaffery,G
Cordell Pemsl,F
Damezi Anderson,F
Damonte Williams,G
Daniel Oturu,C
Daniil Kasatkin,G
Danny Hummer,G
Darryl Morsell,G
David Dejulius,G
Dererk Pardon,C
Deron Davis,F
Devonte Green,G
Dis Zemgulis,F
Dmitrik Trice,G
Drew Cayce,G
Duane Washington,G
Dupree Mcbrayer,G
Eli Brooks,G
Eric Ayala,G
Eric Curry,F
Eric Hunter,G
Ethan Happ,F
Eugene Omoruyi,F
Evan Boudreaux,F
Evan Fitzner,F
Foster Loyer,G
Gabe Brown,F
Gabe Kalscheur,G
Geo Baker,G
Giorgi Bezhanishvili,F
Glynn Watson,G
Grady Eifert,F
Grant Hazle,F
Harrison Hookfin,F
Hunt Conroy,G
Ignas Brazdeikis,F
Isaac Copeland,F
Isaiah Livers,F
Isaiah Moss,G
Isaiah Roby,F
Isaiah Washington,G
Issa Thiam,F
Ivan Bender,F
Jack Hoiberg,G
Jaedon Ledee,F
Jake Forrester,F
Jalen Smith,F
Jamari Wheeler,G
James Palmer,G
Jarvis Omersa,F
Joe Wieskamp,G
Joey Downes,G
Joey Lane,G
John Harrar,F
Johnny Jager,G
Johnny Trueblood,G
Jon Teske,C
Jordan Ash,G
Jordan Bohannon,G
Jordan Murphy,F
Jordan Poole,G
Josh Reaves,G
Joshua Langford,G
Joshua Tomaic,F
Justin Ahrens,F
Justin Costello,G
Justin Smith,F
Juwan Morgan,F
Kaleb Wesson,F
Kenny Goins,F
Keyshawn Woods,G
Khalilerson,G
Kipper Nichols,F
Kobe King,G
Kyle Ahrens,G
Kyle King,F
Kyle Mccloskey,G
Kyle Young,F
Lamar Stevens,F
Luka Garza,F
Luke Wilson,G
Luther Muhammad,G
Maishe Dailey,G
Mamadou Doucoure,F
Marcus Bingham,F
Matt Haarms,C
Matt Mcquaid,G
Matz Stockman,C
Michael Baer,F
Michael Ballard,G
Michael Hurt,F
Mike Watkins,F
Miller Kopp,F
Montez Mathis,G
Musa Jallow,G
Myles Dread,G
Myles Johnson,C
Myreon Jones,G
Nana Akenten,G
Nate Reuvers,F
Nicholas Baer,F
Nick Ward,F
Nicolas Hobbs,G
Nojel Eastern,G
Pete Nance,F
Peter Kiss,G
Quentin Taylor,G
Race Thompson,F
Rasir Bolton,G
Reese Mona,G
Ricky Lindo,F
Rico Ozunaharrison,G
Riley Till,F
Rob Phinisee,G
Romeo Langford,G
Ron Harper,F
Ryan Cline,G
Ryan Greer,G
Ryan Kriener,F
Ryan Taylor,G
Samba Kane,C
Samson Oladimeji,G
Sasha Stefanovic,G
Serrel Smith,G
Shaq Carter,F
Shaquille Doorson,C
Tai Strickland,G
Tanner Borchardt,F
Taylor Nussbaum,G
Tevian Jones,G
Thomas Allen,G
Thomas Kithier,F
Thor Thorbjarnarson,G
Tino Malnati,G
Tommy Luce,G
Trace Ramsey,F
Travis Valmon,G
Trent Buttrick,F
Trent Frazier,G
Trevion Williams,F
Trevor Anderson,G
Tyler Cook,F
Tyler Underwood,G
Vic Law,F
Vijay Blackmon,G
Walt Mcgrory,G
Will Clark,F
Xavier Tillman,F
Zach Griffith,F
Zach Mcroberts,G
Zavier Simpson,G
